{"cameraMode":{"drawMode":0,"name":"Shaded","section":"Shading Mode"},"sceneLighting":false,"audioPlay":false,"sceneViewState":{"showFog":true,"showMaterialUpdate":false,"showSkybox":true,"showFlares":true,"showImageEffects":true,"showParticleSystems":true},"in2DMode":false,"pivot":{"x":6.155532360076904,"y":-21.268218994140626,"z":19.4414005279541},"rotation":{"x":-0.5246227383613586,"y":-0.009707973338663578,"z":0.005981181748211384,"w":-0.8512639403343201},"size":33.404876708984378,"orthographic":false}