{"cameraMode":{"drawMode":0,"name":"Shaded","section":"Shading Mode"},"sceneLighting":false,"audioPlay":false,"sceneViewState":{"showFog":true,"showMaterialUpdate":false,"showSkybox":true,"showFlares":true,"showImageEffects":true,"showParticleSystems":true},"in2DMode":false,"pivot":{"x":-12.677448272705079,"y":36.88560104370117,"z":4.7772674560546879},"rotation":{"x":0.2113211750984192,"y":0.7073404788970947,"z":-0.2366064488887787,"w":0.6317140460014343},"size":28.649723052978517,"orthographic":false}