{"cameraMode":{"drawMode":0,"name":"Shaded","section":"Shading Mode"},"sceneLighting":false,"audioPlay":false,"sceneViewState":{"showFog":true,"showMaterialUpdate":true,"showSkybox":true,"showFlares":true,"showImageEffects":true,"showParticleSystems":true},"in2DMode":false,"pivot":{"x":13.545387268066407,"y":-1.9282150268554688,"z":16.665225982666017},"rotation":{"x":0.20482859015464784,"y":0.754540741443634,"z":-0.27654218673706057,"w":0.5588326454162598},"size":34.6566162109375,"orthographic":false}